"TABLE_NAME","COLUMN_NAME","DATA_TYPE","CHARACTER_MAXIMUM_LENGTH","NUMERIC_PRECISION","NUMERIC_SCALE","IS_NULLABLE","ORDINAL_POSITION"
"INVENTORY_REQUEST","StoreNo","int","","10","0","NO","1"
"INVENTORY_REQUEST","InvRequestId","uniqueidentifier","","","","NO","2"
"INVENTORY_REQUEST","InvRequestNo","int","","10","0","YES","3"
"INVENTORY_REQUEST","ReasonCode","char","1","","","NO","4"
"INVENTORY_REQUEST","StatusCode","char","1","","","NO","5"
"INVENTORY_REQUEST","InvRequestDate","datetime","","","","YES","6"
"INVENTORY_REQUEST","EmployeeCode","varchar","10","","","NO","7"
"INVENTORY_REQUEST","OutToStore","int","","10","0","NO","8"
"INVENTORY_REQUEST","OutToStatus","bit","","","","NO","9"
"INVENTORY_REQUEST","LineCount","int","","10","0","YES","10"
"INVENTORY_REQUEST","CreatedBy","varchar","20","","","YES","11"
"INVENTORY_REQUEST","CreationDate","datetime","","","","YES","12"
"INVENTORY_REQUEST","ModifiedBy","varchar","20","","","YES","13"
"INVENTORY_REQUEST","ChangeDate","datetime","","","","YES","14"
"INVENTORY_REQUEST","DocNumber","varchar","20","","","YES","15"
"INVENTORY_REQUEST","Notes","varchar","500","","","YES","16"
"INVENTORY_REQUEST","VAT","bit","","","","NO","17"
"INVENTORY_REQUEST","GLProcessed","bit","","","","NO","18"
"INVENTORY_REQUEST","GLDate","datetime","","","","YES","19"
"INVENTORY_REQUEST","DWProcessed","bit","","","","NO","20"
"INVENTORY_REQUEST","DWDate","datetime","","","","YES","21"
"INVENTORY_REQUEST","ACCT1Processed","bit","","","","NO","22"
"INVENTORY_REQUEST","ACCT1Date","datetime","","","","YES","23"
"INVENTORY_REQUEST","ACCT2Processed","bit","","","","NO","24"
"INVENTORY_REQUEST","ACCT2Date","datetime","","","","YES","25"
"INVENTORY_REQUEST","ACCT3Processed","bit","","","","NO","26"
"INVENTORY_REQUEST","ACCT3Date","datetime","","","","YES","27"
"INVENTORY_REQUEST","SourceStore","int","","10","0","YES","28"
"INVENTORY_REQUEST","SOStoreNo","int","","10","0","YES","29"
"INVENTORY_REQUEST","SOId","uniqueidentifier","","","","YES","30"
"INVENTORY_REQUEST","DeclineReasonCode","varchar","10","","","YES","31"
"INVENTORY_REQUEST","BatchId","int","","10","0","YES","32"
"INVENTORY_REQUEST","RegisterId","varchar","10","","","YES","33"
"INVENTORY_REQUEST","Version","varchar","10","","","YES","34"
"INVENTORY_REQUEST","IRFlag1","int","","10","0","YES","35"
"INVENTORY_REQUEST","LockedBy","varchar","30","","","YES","36"
"INVENTORY_REQUEST","MasterInvRequestId","uniqueidentifier","","","","YES","37"
"INVENTORY_REQUEST","MasterInvRequestDocNumber","varchar","20","","","YES","38"
"INVENTORY_REQUEST","ExpirationDate","datetime","","","","YES","39"
"INVENTORY_REQUEST","HQHistory","bit","","","","NO","40"
"INVENTORY_REQUEST","PollStatusCode","tinyint","","3","0","NO","41"
"INVENTORY_REQUEST","ResetPollStatusCode","tinyint","","3","0","NO","42"
"INVENTORY_REQUEST_DECLINE_REASON","DeclineReasonCode","varchar","10","","","NO","1"
"INVENTORY_REQUEST_DECLINE_REASON","DeclineReasonDescription","varchar","50","","","YES","2"
"INVENTORY_REQUEST_DECLINE_REASON","OrderNo","int","","10","0","NO","3"
"INVENTORY_REQUEST_DECLINE_REASON","CreationDate","datetime","","","","YES","4"
"INVENTORY_REQUEST_DECLINE_REASON","ChangeDate","datetime","","","","YES","5"
"INVENTORY_REQUEST_DECLINE_REASON","Deleted","bit","","","","NO","6"
"INVENTORY_REQUEST_DECLINE_REASON","CreatedBy","varchar","10","","","YES","7"
"INVENTORY_REQUEST_DECLINE_REASON","ModifiedBy","varchar","10","","","YES","8"
"INVENTORY_REQUEST_DECLINE_REASON","DeclineReasonExternalId","varchar","50","","","YES","9"
"INVENTORY_REQUEST_DECLINE_REASON","PollStatusCode","tinyint","","3","0","NO","10"
"INVENTORY_REQUEST_FLAG1","IRFlag1","int","","10","0","NO","1"
"INVENTORY_REQUEST_FLAG1","IRFlag1Description","varchar","50","","","YES","2"
"INVENTORY_REQUEST_FLAG1","Deleted","bit","","","","NO","3"
"INVENTORY_REQUEST_FLAG1","FlagOrder","smallint","","5","0","YES","4"
"INVENTORY_REQUEST_FLAG1","CreationDate","datetime","","","","YES","5"
"INVENTORY_REQUEST_FLAG1","CreatedBy","varchar","10","","","YES","6"
"INVENTORY_REQUEST_FLAG1","ChangeDate","datetime","","","","YES","7"
"INVENTORY_REQUEST_FLAG1","ModifiedBy","varchar","10","","","YES","8"
"INVENTORY_REQUEST_FLAG1","IRFlag1ExternalId","varchar","50","","","YES","9"
"INVENTORY_REQUEST_FLAG1","PollStatusCode","tinyint","","3","0","NO","10"
"INVENTORY_REQUEST_LINE","StoreNo","int","","10","0","NO","1"
"INVENTORY_REQUEST_LINE","InvRequestId","uniqueidentifier","","","","NO","2"
"INVENTORY_REQUEST_LINE","LineId","int","","10","0","NO","3"
"INVENTORY_REQUEST_LINE","SKU","int","","10","0","NO","4"
"INVENTORY_REQUEST_LINE","QtyRequest","decimal","","18","5","YES","5"
"INVENTORY_REQUEST_LINE","QtyDue","decimal","","18","5","YES","6"
"INVENTORY_REQUEST_LINE","LineDescription","varchar","100","","","YES","7"
"INVENTORY_REQUEST_LINE","Season","varchar","20","","","YES","8"
"INVENTORY_REQUEST_LINE","UPC","varchar","30","","","YES","9"
"INVENTORY_REQUEST_LINE","AlternativeLookupCode","varchar","20","","","YES","10"
"INVENTORY_REQUEST_LINE","LineNotes","varchar","1000","","","YES","11"
"INVENTORY_REQUEST_REASON","ReasonCode","char","1","","","NO","1"
"INVENTORY_REQUEST_REASON","Description","varchar","50","","","YES","2"
"INVENTORY_REQUEST_REASON","PollStatusCode","tinyint","","3","0","NO","3"
"MASTER_INVENTORY_REQUEST","MasterInvRequestId","uniqueidentifier","","","","NO","1"
"MASTER_INVENTORY_REQUEST","StoreNo","int","","10","0","NO","2"
"MASTER_INVENTORY_REQUEST","MasterInvRequestNo","int","","10","0","NO","3"
"MASTER_INVENTORY_REQUEST","ReasonCode","char","1","","","NO","4"
"MASTER_INVENTORY_REQUEST","StatusCode","char","1","","","NO","5"
"MASTER_INVENTORY_REQUEST","EmployeeCode","varchar","10","","","NO","6"
"MASTER_INVENTORY_REQUEST","MasterInvRequestDate","datetime","","","","NO","7"
"MASTER_INVENTORY_REQUEST","ReleaseDate","datetime","","","","YES","8"
"MASTER_INVENTORY_REQUEST","ReleasedBy","varchar","20","","","YES","9"
"MASTER_INVENTORY_REQUEST","CancelDate","datetime","","","","YES","10"
"MASTER_INVENTORY_REQUEST","DocNumber","varchar","20","","","YES","11"
"MASTER_INVENTORY_REQUEST","DocReference","varchar","50","","","YES","12"
"MASTER_INVENTORY_REQUEST","Comment1","varchar","500","","","YES","13"
"MASTER_INVENTORY_REQUEST","Comment2","varchar","500","","","YES","14"
"MASTER_INVENTORY_REQUEST","Comment3","varchar","500","","","YES","15"
"MASTER_INVENTORY_REQUEST","Notes","varchar","500","","","YES","16"
"MASTER_INVENTORY_REQUEST","VAT","bit","","","","NO","17"
"MASTER_INVENTORY_REQUEST","LineCount","int","","10","0","YES","18"
"MASTER_INVENTORY_REQUEST","IRFlag1","int","","10","0","YES","19"
"MASTER_INVENTORY_REQUEST","CreatedBy","varchar","20","","","YES","20"
"MASTER_INVENTORY_REQUEST","CreationDate","datetime","","","","YES","21"
"MASTER_INVENTORY_REQUEST","ModifiedBy","varchar","20","","","YES","22"
"MASTER_INVENTORY_REQUEST","ChangeDate","datetime","","","","YES","23"
"MASTER_INVENTORY_REQUEST","SourceStore","int","","10","0","YES","24"
"MASTER_INVENTORY_REQUEST","RegisterId","varchar","10","","","YES","25"
"MASTER_INVENTORY_REQUEST","Version","varchar","10","","","YES","26"
"MASTER_INVENTORY_REQUEST","RTVStoreNo","int","","10","0","YES","27"
"MASTER_INVENTORY_REQUEST","RTVId","uniqueidentifier","","","","YES","28"
"MASTER_INVENTORY_REQUEST","ExpirationDate","datetime","","","","YES","29"
"MASTER_INVENTORY_REQUEST","ResetPollStatusCode","tinyint","","3","0","NO","30"
"MASTER_INVENTORY_REQUEST","PollStatusCode","tinyint","","3","0","NO","31"
"MASTER_INVENTORY_REQUEST_LINE","MasterInvRequestId","uniqueidentifier","","","","NO","1"
"MASTER_INVENTORY_REQUEST_LINE","LineId","int","","10","0","NO","2"
"MASTER_INVENTORY_REQUEST_LINE","SKU","int","","10","0","NO","3"
"MASTER_INVENTORY_REQUEST_LINE","UPC","varchar","30","","","YES","4"
"MASTER_INVENTORY_REQUEST_LINE","InputCode","char","1","","","YES","5"
"MASTER_INVENTORY_REQUEST_LINE","Qty","decimal","","18","5","YES","6"
"MASTER_INVENTORY_REQUEST_LINE","Cost","decimal","","18","5","YES","7"
"MASTER_INVENTORY_REQUEST_LINE","ExtCost","decimal","","18","5","YES","8"
"MASTER_INVENTORY_REQUEST_LINE","Price","decimal","","18","5","YES","9"
"MASTER_INVENTORY_REQUEST_LINE","ExtPrice","decimal","","18","5","YES","10"
"MASTER_INVENTORY_REQUEST_LINE","PriceWTax","decimal","","18","5","YES","11"
"MASTER_INVENTORY_REQUEST_LINE","ExtPriceWTax","decimal","","18","5","YES","12"
"MASTER_INVENTORY_REQUEST_LINE","CaseQty","decimal","","18","5","YES","13"
"MASTER_INVENTORY_REQUEST_LINE","PackQty","decimal","","18","5","YES","14"
"MASTER_INVENTORY_REQUEST_LINE","UOMCode","char","2","","","NO","15"
"MASTER_INVENTORY_REQUEST_LINE","LineDescription","varchar","100","","","YES","16"
"MASTER_INVENTORY_REQUEST_LINE","Season","varchar","20","","","YES","17"
"MASTER_INVENTORY_REQUEST_LINE","AlternativeLookupCode","varchar","20","","","YES","18"
"MASTER_INVENTORY_REQUEST_STORE","MasterInvRequestId","uniqueidentifier","","","","NO","1"
"MASTER_INVENTORY_REQUEST_STORE","StoreNo","int","","10","0","NO","2"
"MASTER_INVENTORY_REQUEST_STORE","SKU","int","","10","0","NO","3"
"MASTER_INVENTORY_REQUEST_STORE","Qty","decimal","","18","5","YES","4"
"MASTER_INVENTORY_REQUEST_STORE","CaseQty","decimal","","18","5","YES","5"
"MASTER_INVENTORY_REQUEST_STORE","PackQty","decimal","","18","5","YES","6"
"MASTER_INVENTORY_REQUEST_STORE","UOMCode","char","2","","","NO","7"
"PRE_TRANSFER_DIRECTIVE","StoreNo","int","","10","0","NO","1"
"PRE_TRANSFER_DIRECTIVE","PTDId","uniqueidentifier","","","","NO","2"
"PRE_TRANSFER_DIRECTIVE","PTDNo","int","","10","0","NO","3"
"PRE_TRANSFER_DIRECTIVE","PTDDate","datetime","","","","YES","4"
"PRE_TRANSFER_DIRECTIVE","EmployeeCode","varchar","10","","","YES","5"
"PRE_TRANSFER_DIRECTIVE","OutToStoreNo","int","","10","0","NO","6"
"PRE_TRANSFER_DIRECTIVE","StatusCode","char","1","","","NO","7"
"PRE_TRANSFER_DIRECTIVE","SourceCode","char","1","","","NO","8"
"PRE_TRANSFER_DIRECTIVE","Notes","varchar","500","","","YES","9"
"PRE_TRANSFER_DIRECTIVE","LineCount","int","","10","0","NO","10"
"PRE_TRANSFER_DIRECTIVE","CreationDate","datetime","","","","YES","11"
"PRE_TRANSFER_DIRECTIVE","ChangeDate","datetime","","","","YES","12"
"PRE_TRANSFER_DIRECTIVE","CreatedBy","varchar","20","","","YES","13"
"PRE_TRANSFER_DIRECTIVE","ModifiedBy","varchar","20","","","YES","14"
"PRE_TRANSFER_DIRECTIVE","SourceStore","int","","10","0","YES","15"
"PRE_TRANSFER_DIRECTIVE","StartPickingDate","datetime","","","","YES","16"
"PRE_TRANSFER_DIRECTIVE","EndPickingDate","datetime","","","","YES","17"
"PRE_TRANSFER_DIRECTIVE","Picker","varchar","10","","","YES","18"
"PRE_TRANSFER_DIRECTIVE","StartShippingDate","datetime","","","","YES","19"
"PRE_TRANSFER_DIRECTIVE","EndShippingDate","datetime","","","","YES","20"
"PRE_TRANSFER_DIRECTIVE","Shipper","varchar","10","","","YES","21"
"PRE_TRANSFER_DIRECTIVE","Flag1","int","","10","0","YES","22"
"PRE_TRANSFER_DIRECTIVE","LockedBy","varchar","20","","","YES","23"
"PRE_TRANSFER_DIRECTIVE","DocNumber","varchar","20","","","YES","24"
"PRE_TRANSFER_DIRECTIVE","Comment1","varchar","500","","","YES","25"
"PRE_TRANSFER_DIRECTIVE","Comment2","varchar","500","","","YES","26"
"PRE_TRANSFER_DIRECTIVE","Comment3","varchar","500","","","YES","27"
"PRE_TRANSFER_DIRECTIVE","SealNo","varchar","20","","","YES","28"
"PRE_TRANSFER_DIRECTIVE","TrackNo","varchar","2000","","","YES","29"
"PRE_TRANSFER_DIRECTIVE","CartonId","varchar","50","","","YES","30"
"PRE_TRANSFER_DIRECTIVE","Carrier","varchar","100","","","YES","31"
"PRE_TRANSFER_DIRECTIVE","ReferenceStoreNo","int","","10","0","YES","32"
"PRE_TRANSFER_DIRECTIVE","ReferenceId","uniqueidentifier","","","","YES","33"
"PRE_TRANSFER_DIRECTIVE","ReferenceTypeCode","char","2","","","YES","34"
"PRE_TRANSFER_DIRECTIVE","ReferenceShippingId","int","","10","0","YES","35"
"PRE_TRANSFER_DIRECTIVE","RegisterId","varchar","10","","","YES","36"
"PRE_TRANSFER_DIRECTIVE","Version","varchar","10","","","YES","37"
"PRE_TRANSFER_DIRECTIVE","PickingFullName","varchar","200","","","YES","38"
"PRE_TRANSFER_DIRECTIVE","ShippingFullName","varchar","200","","","YES","39"
"PRE_TRANSFER_DIRECTIVE","ResetPollStatusCode","tinyint","","3","0","NO","40"
"PRE_TRANSFER_DIRECTIVE","PollStatusCode","tinyint","","3","0","NO","41"
"PRE_TRANSFER_DIRECTIVE_LINE","StoreNo","int","","10","0","NO","1"
"PRE_TRANSFER_DIRECTIVE_LINE","PTDId","uniqueidentifier","","","","NO","2"
"PRE_TRANSFER_DIRECTIVE_LINE","LineId","int","","10","0","NO","3"
"PRE_TRANSFER_DIRECTIVE_LINE","StyleCode","int","","10","0","YES","4"
"PRE_TRANSFER_DIRECTIVE_LINE","ColorCode","varchar","10","","","YES","5"
"PRE_TRANSFER_DIRECTIVE_LINE","SizeCode","varchar","10","","","YES","6"
"PRE_TRANSFER_DIRECTIVE_LINE","SKU","int","","10","0","YES","7"
"PRE_TRANSFER_DIRECTIVE_LINE","PackFlag1","int","","10","0","YES","8"
"PRE_TRANSFER_DIRECTIVE_LINE","QtyNeeded","decimal","","18","5","YES","9"
"PRODUCT","StyleCode","int","","10","0","NO","1"
"PRODUCT","SKU","int","","10","0","NO","2"
"PRODUCT","SizeId","int","","10","0","YES","3"
"PRODUCT","SizeCode","varchar","10","","","YES","4"
"PRODUCT","ColorCode","varchar","10","","","YES","5"
"PRODUCT","AttrCode","varchar","10","","","YES","6"
"PRODUCT","Season","varchar","20","","","YES","7"
"PRODUCT","StatusCode","char","1","","","YES","8"
"PRODUCT","ALU","varchar","150","","","YES","9"
"PRODUCT","UPC","varchar","30","","","YES","10"
"PRODUCT","GLAccount","varchar","30","","","YES","11"
"PRODUCT","NonInventory","bit","","","","NO","12"
"PRODUCT","LastCost","decimal","","18","5","YES","13"
"PRODUCT","AvgCost","decimal","","18","5","YES","14"
"PRODUCT","WebProduct","bit","","","","NO","15"
"PRODUCT","CreationDate","datetime","","","","YES","16"
"PRODUCT","ChangeDate","datetime","","","","YES","17"
"PRODUCT","CreatedBy","varchar","20","","","YES","18"
"PRODUCT","ModifiedBy","varchar","20","","","YES","19"
"PRODUCT","RetailPrice","decimal","","18","5","YES","20"
"PRODUCT","SuggestedPrice","decimal","","18","5","YES","21"
"PRODUCT","FirstPrice","decimal","","18","5","YES","22"
"PRODUCT","AskforSerialNumber","bit","","","","NO","23"
"PRODUCT","NonDiscountable","bit","","","","NO","24"
"PRODUCT","AskForPrice","bit","","","","NO","25"
"PRODUCT","AskForClerk","bit","","","","NO","26"
"PRODUCT","WebExported","int","","10","0","NO","27"
"PRODUCT","Exported","int","","10","0","NO","28"
"PRODUCT","ExportedDate","datetime","","","","YES","29"
"PRODUCT","ExternalReferenceId","varchar","50","","","YES","30"
"PRODUCT","ProductReference","varchar","50","","","YES","31"
"PRODUCT","ProductReferenceNo","int","","10","0","YES","32"
"PRODUCT","PrintInventoryTags","bit","","","","NO","33"
"PRODUCT","FirstMarkDownDate","datetime","","","","YES","34"
"PRODUCT","LastMarkDownDate","datetime","","","","YES","35"
"PRODUCT","FormerRetailPrice","decimal","","18","5","YES","36"
"PRODUCT","FormerCost","decimal","","18","5","YES","37"
"PRODUCT","AllowDecimalQty","bit","","","","NO","38"
"PRODUCT","DiscontinueDate","datetime","","","","YES","39"
"PRODUCT","DeletedDate","datetime","","","","YES","40"
"PRODUCT","FCLastCost","decimal","","18","5","YES","41"
"PRODUCT","FCRetailPrice","decimal","","18","5","YES","42"
"PRODUCT","FCLastCostCurrencyId","int","","10","0","YES","43"
"PRODUCT","FCRetailPriceCurrencyId","int","","10","0","YES","44"
"PRODUCT","TaxCode","tinyint","","3","0","YES","45"
"PRODUCT","DWProcessed","bit","","","","NO","46"
"PRODUCT","COOnHandQty","decimal","","18","5","YES","47"
"PRODUCT","COOnOrderedQty","decimal","","18","5","YES","48"
"PRODUCT","COCommittedQty","decimal","","18","5","YES","49"
"PRODUCT","COInTransitQty","decimal","","18","5","YES","50"
"PRODUCT","LastSoldDate","datetime","","","","YES","51"
"PRODUCT","LastOrderDate","datetime","","","","YES","52"
"PRODUCT","FirstReceiveDate","datetime","","","","YES","53"
"PRODUCT","LastReceiveDate","datetime","","","","YES","54"
"PRODUCT","IsMarkDown","bit","","","","NO","55"
"PRODUCT","MkdwReasonCode","varchar","8","","","YES","56"
"PRODUCT","Info1","varchar","100","","","YES","57"
"PRODUCT","SpecialOrder","bit","","","","NO","58"
"PRODUCT","CartonCode","smallint","","5","0","YES","59"
"PRODUCT","SKUWeight","decimal","","18","5","YES","60"
"PRODUCT","PriceEventNo","int","","10","0","YES","61"
"PRODUCT","Consignment","bit","","","","NO","62"
"PRODUCT","PriceStatusId","tinyint","","3","0","YES","63"
"PRODUCT","PollStatusCode","tinyint","","3","0","NO","64"
"STORE","StoreNo","int","","10","0","NO","1"
"STORE","RegionCode","varchar","10","","","YES","2"
"STORE","PriceLevelId","tinyint","","3","0","YES","3"
"STORE","StoreCode","varchar","10","","","YES","4"
"STORE","StoreName","varchar","50","","","YES","5"
"STORE","CountryId","int","","10","0","YES","6"
"STORE","Address1","varchar","200","","","YES","7"
"STORE","Address2","varchar","200","","","YES","8"
"STORE","Address3","varchar","200","","","YES","9"
"STORE","City","varchar","30","","","YES","10"
"STORE","State","varchar","20","","","YES","11"
"STORE","ZipCode","varchar","10","","","YES","12"
"STORE","Phone1","varchar","20","","","YES","13"
"STORE","Phone2","varchar","20","","","YES","14"
"STORE","Fax","varchar","20","","","YES","15"
"STORE","Directions","varchar","1000","","","YES","16"
"STORE","OpenDate","datetime","","","","YES","17"
"STORE","CloseDate","datetime","","","","YES","18"
"STORE","Warehouse","bit","","","","NO","19"
"STORE","StoreType","char","1","","","YES","20"
"STORE","ActiveStatus","bit","","","","NO","21"
"STORE","MainTimeDiff","int","","10","0","NO","22"
"STORE","Info1","varchar","100","","","YES","23"
"STORE","Info2","varchar","100","","","YES","24"
"STORE","Info3","varchar","100","","","YES","25"
"STORE","Info4","varchar","100","","","YES","26"
"STORE","Info5","varchar","100","","","YES","27"
"STORE","Info6","varchar","100","","","YES","28"
"STORE","Info7","varchar","100","","","YES","29"
"STORE","Info8","varchar","100","","","YES","30"
"STORE","Info9","varchar","100","","","YES","31"
"STORE","Info10","varchar","100","","","YES","32"
"STORE","RuleNo","int","","10","0","YES","33"
"STORE","CurrencyId","tinyint","","3","0","YES","34"
"STORE","GroupId","int","","10","0","YES","35"
"STORE","Virtual","bit","","","","NO","36"
"STORE","SqFt","decimal","","9","2","YES","37"
"STORE","Manager","varchar","10","","","YES","38"
"STORE","MaxPercentAllowedReturn","decimal","","9","2","NO","39"
"STORE","BlockedCustomerType","char","1","","","YES","40"
"STORE","UseReceiptFlag1ForReceiptSequence","bit","","","","NO","41"
"STORE","StoreOrder","smallint","","5","0","NO","42"
"STORE","Outlet","bit","","","","NO","43"
"STORE","EOMExclude","bit","","","","NO","44"
"STORE","GatewayParameters","varchar","8000","","","YES","45"
"STORE","StoreEmail","varchar","100","","","YES","46"
"STORE","TimeFormat","tinyint","","3","0","NO","47"
"STORE","DummyCustomerNo","int","","10","0","YES","48"
"STORE","SOFraudDetection","bit","","","","NO","49"
"STORE","GiftCardDummyItem","int","","10","0","YES","50"
"STORE","AllowNegativeOnHand","bit","","","","NO","51"
"STORE","CheckAvailabilityOn","int","","10","0","NO","52"
"STORE","MainDefaultNo","int","","10","0","YES","53"
"STORE","CartonPrefix","varchar","5","","","YES","54"
"STORE","StoreExternalId","varchar","50","","","YES","55"
"STORE","CleanHoldsAtZOut","bit","","","","NO","56"
"STORE","TradeName","varchar","50","","","YES","57"
"STORE","WebSiteUrl","varchar","1000","","","YES","58"
"STORE","WebServicePollURL","varchar","1000","","","YES","59"
"STORE","CheckZOutBeforeTrx","bit","","","","NO","60"
"STORE","StoreVendors","varchar","3000","","","YES","61"
"STORE","ShowInventoryAsCompany","bit","","","","NO","62"
"STORE","CheckZOutDate","datetime","","","","YES","63"
"STORE","OnlyOneZOutPerDay","bit","","","","NO","64"
"STORE","AllowRemoteShipment","bit","","","","NO","65"
"STORE","CheckDepositInfoBeforeZOut","bit","","","","NO","66"
"STORE","StoreLogo","image","2147483647","","","YES","67"
"STORE","AllowProcessShipment","bit","","","","NO","68"
"STORE","ShowAlwaysLocalStock","bit","","","","NO","69"
"STORE","BlindInTransitReceiving","bit","","","","NO","70"
"STORE","FirstSearchReturnsOnMain","bit","","","","NO","71"
"STORE","CreationDate","datetime","","","","YES","72"
"STORE","CreatedBy","varchar","10","","","YES","73"
"STORE","ChangeDate","datetime","","","","YES","74"
"STORE","ModifiedBy","varchar","10","","","YES","75"
"STORE","EReceiptAgentId","tinyint","","3","0","YES","76"
"STORE","EReceiptClientId","varchar","20","","","YES","77"
"STORE","ShowInMobile","bit","","","","NO","78"
"STORE","ImagesURL","varchar","1000","","","YES","79"
"STORE","SOFraudDetectionMethod","tinyint","","3","0","NO","80"
"STORE","StorageByCarton","bit","","","","NO","81"
"STORE","FirstSearchCustomersOnMain","bit","","","","NO","82"
"STORE","DBServerIp","varchar","50","","","YES","83"
"STORE","DBName","varchar","50","","","YES","84"
"STORE","Replenishment","bit","","","","NO","85"
"STORE","AutoTransferWareHouse","int","","10","0","YES","86"
"STORE","CompanyPrefix","varchar","5","","","YES","87"
"STORE","CentralizedStoreCredit","bit","","","","NO","88"
"STORE","CheckAvailabilityInInvRequest","bit","","","","NO","89"
"STORE","TrackOnHandWithLocations","bit","","","","NO","90"
"STORE","PeopleCountingId","varchar","50","","","YES","91"
"STORE","TaxesByZipCode","bit","","","","NO","92"
"STORE","PriceGroupId","int","","10","0","YES","93"
"STORE","CategoryId","int","","10","0","YES","94"
"STORE","GoogleMapsURL","varchar","1000","","","YES","95"
"STORE","SOQuoteExpirationDays","int","","10","0","NO","96"
"STORE","CompDate","datetime","","","","YES","97"
"STORE","CollectorId","varchar","50","","","YES","98"
"STORE","StoreId","varchar","50","","","YES","99"
"STORE","AccessToken","varchar","100","","","YES","100"
"STORE","TenantId","varchar","50","","","YES","101"
"STORE","ClientId","varchar","50","","","YES","102"
"STORE","SecretId","varchar","100","","","YES","103"
"STORE","Latitude","varchar","50","","","YES","104"
"STORE","Longitude","varchar","50","","","YES","105"
"STORE","StoreLocation","varchar","50","","","YES","106"
"STORE","StoreNumber","varchar","50","","","YES","107"
"STORE","CheckBeginDayBeforeTrx","bit","","","","NO","108"
"STORE","CentralizedCharged","bit","","","","NO","109"
"STORE","PollStatusCode","tinyint","","3","0","NO","110"
"STORE","AltCurrencyId","tinyint","","3","0","YES","111"
"STORE","BlockShowProductImages","bit","","","","NO","112"
"STORE","AutoPOSLog","bit","","","","NO","113"
"STORE","OnlyStoreEmployeesCanLogin","bit","","","","NO","114"
"STORE","AskForPriceLevelAtNewSale","bit","","","","NO","115"
"STORE","CentralizedEmailActions","bit","","","","NO","116"
"STORE","EDeliveryNoteAgentId","tinyint","","3","0","YES","117"
"STORE","OnlyOneOpenRegisterPerDay","bit","","","","NO","118"
"STORE","EReceptionAgentId","tinyint","","3","0","YES","119"
"STORE","ConsignmentCustomerNo","int","","10","0","YES","120"
"TRANSFER_DIRECTIVE","StoreNo","int","","10","0","NO","1"
"TRANSFER_DIRECTIVE","TDId","uniqueidentifier","","","","NO","2"
"TRANSFER_DIRECTIVE","TDNo","int","","10","0","NO","3"
"TRANSFER_DIRECTIVE","TDDate","datetime","","","","YES","4"
"TRANSFER_DIRECTIVE","EmployeeCode","varchar","10","","","YES","5"
"TRANSFER_DIRECTIVE","OutToStoreNo","int","","10","0","NO","6"
"TRANSFER_DIRECTIVE","StatusCode","char","1","","","NO","7"
"TRANSFER_DIRECTIVE","SourceCode","char","1","","","NO","8"
"TRANSFER_DIRECTIVE","Notes","varchar","500","","","YES","9"
"TRANSFER_DIRECTIVE","LineCount","int","","10","0","NO","10"
"TRANSFER_DIRECTIVE","CreationDate","datetime","","","","YES","11"
"TRANSFER_DIRECTIVE","ChangeDate","datetime","","","","YES","12"
"TRANSFER_DIRECTIVE","CreatedBy","varchar","20","","","YES","13"
"TRANSFER_DIRECTIVE","ModifiedBy","varchar","20","","","YES","14"
"TRANSFER_DIRECTIVE","SourceStore","int","","10","0","YES","15"
"TRANSFER_DIRECTIVE","StartPickingDate","datetime","","","","YES","16"
"TRANSFER_DIRECTIVE","EndPickingDate","datetime","","","","YES","17"
"TRANSFER_DIRECTIVE","Picker","varchar","10","","","YES","18"
"TRANSFER_DIRECTIVE","StartShippingDate","datetime","","","","YES","19"
"TRANSFER_DIRECTIVE","EndShippingDate","datetime","","","","YES","20"
"TRANSFER_DIRECTIVE","Shipper","varchar","10","","","YES","21"
"TRANSFER_DIRECTIVE","Flag1","int","","10","0","YES","22"
"TRANSFER_DIRECTIVE","LockedBy","varchar","20","","","YES","23"
"TRANSFER_DIRECTIVE","DocNumber","varchar","20","","","YES","24"
"TRANSFER_DIRECTIVE","Comment1","varchar","500","","","YES","25"
"TRANSFER_DIRECTIVE","Comment2","varchar","500","","","YES","26"
"TRANSFER_DIRECTIVE","Comment3","varchar","500","","","YES","27"
"TRANSFER_DIRECTIVE","SealNo","varchar","20","","","YES","28"
"TRANSFER_DIRECTIVE","TrackNo","varchar","2000","","","YES","29"
"TRANSFER_DIRECTIVE","CartonId","varchar","50","","","YES","30"
"TRANSFER_DIRECTIVE","Carrier","varchar","100","","","YES","31"
"TRANSFER_DIRECTIVE","ReferenceStoreNo","int","","10","0","YES","32"
"TRANSFER_DIRECTIVE","ReferenceId","uniqueidentifier","","","","YES","33"
"TRANSFER_DIRECTIVE","ReferenceTypeCode","char","2","","","YES","34"
"TRANSFER_DIRECTIVE","ReferenceShippingId","int","","10","0","YES","35"
"TRANSFER_DIRECTIVE","RegisterId","varchar","10","","","YES","36"
"TRANSFER_DIRECTIVE","Version","varchar","10","","","YES","37"
"TRANSFER_DIRECTIVE","PickingFullName","varchar","200","","","YES","38"
"TRANSFER_DIRECTIVE","ShippingFullName","varchar","200","","","YES","39"
"TRANSFER_DIRECTIVE","ResetPollStatusCode","tinyint","","3","0","NO","40"
"TRANSFER_DIRECTIVE","PollStatusCode","tinyint","","3","0","NO","41"
"TRANSFER_DIRECTIVE","LocationZone","varchar","10","","","YES","42"
"TRANSFER_DIRECTIVE","WHSBlocked","bit","","","","NO","43"
"TRANSFER_DIRECTIVE_LINE","StoreNo","int","","10","0","NO","1"
"TRANSFER_DIRECTIVE_LINE","TDId","uniqueidentifier","","","","NO","2"
"TRANSFER_DIRECTIVE_LINE","LineId","int","","10","0","NO","3"
"TRANSFER_DIRECTIVE_LINE","InputCode","char","1","","","YES","4"
"TRANSFER_DIRECTIVE_LINE","SKU","int","","10","0","NO","5"
"TRANSFER_DIRECTIVE_LINE","UPC","varchar","30","","","YES","6"
"TRANSFER_DIRECTIVE_LINE","QtyNeeded","decimal","","18","5","YES","7"
"TRANSFER_DIRECTIVE_LINE","QtySent","decimal","","18","5","YES","8"
"TRANSFER_DIRECTIVE_LINE","QtyTransfered","decimal","","18","5","YES","9"
"TRANSFER_DIRECTIVE_LINE","QtyDue","decimal","","18","5","YES","10"
"TRANSFER_DIRECTIVE_LINE","ScanQty","decimal","","18","5","YES","11"
"TRANSFER_DIRECTIVE_LINE","UOMCode","char","2","","","NO","12"
"TRANSFER_DIRECTIVE_LINE","CaseQtyNeeded","decimal","","18","5","YES","13"
"TRANSFER_DIRECTIVE_LINE","CaseQtySent","decimal","","18","5","YES","14"
"TRANSFER_DIRECTIVE_LINE","CaseQtyTransfered","decimal","","18","5","YES","15"
"TRANSFER_DIRECTIVE_LINE","CaseQtyDue","decimal","","18","5","YES","16"
"TRANSFER_DIRECTIVE_LINE","PackQtyNeeded","decimal","","18","5","YES","17"
"TRANSFER_DIRECTIVE_LINE","PackQtySent","decimal","","18","5","YES","18"
"TRANSFER_DIRECTIVE_LINE","PackQtyTransfered","decimal","","18","5","YES","19"
"TRANSFER_DIRECTIVE_LINE","PackQtyDue","decimal","","18","5","YES","20"
"TRANSFER_DIRECTIVE_LINE","RetailPrice","decimal","","18","5","YES","21"
"TRANSFER_DIRECTIVE_LINE","RetailPriceWTax","decimal","","18","5","YES","22"
"TRANSFER_DIRECTIVE_LINE","AvgCost","decimal","","18","5","YES","23"
"TRANSFER_DIRECTIVE_LINE","LocationName","varchar","50","","","YES","24"
"TRANSFER_DIRECTIVE_LINE","TaxPercent","decimal","","18","5","NO","25"
"TRANSFER_DIRECTIVE_LINE","LineDescription","varchar","100","","","YES","26"
"TRANSFER_DIRECTIVE_LINE","Season","varchar","20","","","YES","27"
"TRANSFER_DIRECTIVE_LINE","AlternativeLookupCode","varchar","20","","","YES","28"
"TRANSFER_DIRECTIVE_LINE","SerialNumber","varchar","-1","","","YES","29"
"TRANSFER_DIRECTIVE_LINE","ComboSKU","int","","10","0","YES","30"
"TRANSFER_DIRECTIVE_LINE","RecordSource","varchar","50","","","YES","31"
"TRANSFER_DIRECTIVE_LINE_PICKING","StoreNo","int","","10","0","NO","1"
"TRANSFER_DIRECTIVE_LINE_PICKING","TDId","uniqueidentifier","","","","NO","2"
"TRANSFER_DIRECTIVE_LINE_PICKING","LineId","int","","10","0","NO","3"
"TRANSFER_DIRECTIVE_LINE_PICKING","LocationName","varchar","50","","","NO","4"
"TRANSFER_DIRECTIVE_LINE_PICKING","SKU","int","","10","0","NO","5"
"TRANSFER_DIRECTIVE_LINE_PICKING","PickQty","decimal","","18","5","NO","6"
"TRANSFER_DIRECTIVE_LINE_PICKING","MovedQty","decimal","","18","5","NO","7"
"TRANSFER_DIRECTIVE_LINE_PICKING","ScanQty","decimal","","18","5","NO","8"
"TRANSFER_DIRECTIVE_LINE_PICKING","PickNote","varchar","500","","","YES","9"
"TRANSFER_DIRECTIVE_LINE_PICKING","PickOrder","int","","10","0","NO","10"
"TRANSFER_DIRECTIVE_PICKING","StoreNo","int","","10","0","NO","1"
"TRANSFER_DIRECTIVE_PICKING","PickingId","uniqueidentifier","","","","NO","2"
"TRANSFER_DIRECTIVE_PICKING","OutToStoreNo","int","","10","0","NO","3"
"TRANSFER_DIRECTIVE_PICKING","PickingNo","int","","10","0","NO","4"
"TRANSFER_DIRECTIVE_PICKING","PickingName","varchar","50","","","YES","5"
"TRANSFER_DIRECTIVE_PICKING","PickingDate","datetime","","","","YES","6"
"TRANSFER_DIRECTIVE_PICKING","Picker","varchar","10","","","YES","7"
"TRANSFER_DIRECTIVE_PICKING","StartPickingDate","datetime","","","","YES","8"
"TRANSFER_DIRECTIVE_PICKING","EndPickingDate","datetime","","","","YES","9"
"TRANSFER_DIRECTIVE_PICKING","Notes","varchar","500","","","YES","10"
"TRANSFER_DIRECTIVE_PICKING","Comment1","varchar","100","","","YES","11"
"TRANSFER_DIRECTIVE_PICKING","Comment2","varchar","100","","","YES","12"
"TRANSFER_DIRECTIVE_PICKING","Comment3","varchar","100","","","YES","13"
"TRANSFER_DIRECTIVE_PICKING","LineCount","int","","10","0","NO","14"
"TRANSFER_DIRECTIVE_PICKING","StatusCode","varchar","1","","","NO","15"
"TRANSFER_DIRECTIVE_PICKING","SourceCode","varchar","1","","","NO","16"
"TRANSFER_DIRECTIVE_PICKING","ZoneCode","varchar","10","","","YES","17"
"TRANSFER_DIRECTIVE_PICKING","ZoneDescription","varchar","50","","","YES","18"
"TRANSFER_DIRECTIVE_PICKING","ReferenceTypeCode","varchar","2","","","YES","19"
"TRANSFER_DIRECTIVE_PICKING","ReferenceStoreNo","int","","10","0","YES","20"
"TRANSFER_DIRECTIVE_PICKING","ReferenceId","varchar","50","","","YES","21"
"TRANSFER_DIRECTIVE_PICKING","RegisterId","varchar","10","","","NO","22"
"TRANSFER_DIRECTIVE_PICKING","Version","varchar","10","","","NO","23"
"TRANSFER_DIRECTIVE_PICKING","CreatedBy","varchar","10","","","NO","24"
"TRANSFER_DIRECTIVE_PICKING","CreationDate","datetime","","","","NO","25"
"TRANSFER_DIRECTIVE_PICKING","ModifiedBy","varchar","10","","","YES","26"
"TRANSFER_DIRECTIVE_PICKING","ChangeDate","datetime","","","","YES","27"
"TRANSFER_DIRECTIVE_PICKING_LINE","StoreNo","int","","10","0","NO","1"
"TRANSFER_DIRECTIVE_PICKING_LINE","PickingId","uniqueidentifier","","","","NO","2"
"TRANSFER_DIRECTIVE_PICKING_LINE","LineId","int","","10","0","NO","3"
"TRANSFER_DIRECTIVE_PICKING_LINE","SKU","int","","10","0","NO","4"
"TRANSFER_DIRECTIVE_PICKING_LINE","LocationId","int","","10","0","YES","5"
"TRANSFER_DIRECTIVE_PICKING_LINE","UPC","varchar","50","","","YES","6"
"TRANSFER_DIRECTIVE_PICKING_LINE","LineDescription","varchar","100","","","YES","7"
"TRANSFER_DIRECTIVE_PICKING_LINE","QtyPick","decimal","","18","5","NO","8"
"TRANSFER_DIRECTIVE_PICKING_LINE","QtyPicked","decimal","","18","5","NO","9"
"TRANSFER_DIRECTIVE_PICKING_LINE","QtyDue","decimal","","18","5","NO","10"
"TRANSFER_DIRECTIVE_SOURCE","SourceCode","char","1","","","NO","1"
"TRANSFER_DIRECTIVE_SOURCE","SourceName","varchar","50","","","YES","2"
"TRANSFER_DIRECTIVE_SOURCE","PollStatusCode","tinyint","","3","0","NO","3"
