"TABLE_SCHEMA","TABLE_NAME","TABLE_TYPE","COLUMN_NAME","DATA_TYPE","ORDINAL_POSITION","match_term"
"dbo","ACCR_DEBT","BASE TABLE","ReceiptStoreNo","int","3","store"
"dbo","ACCR_DEBT","BASE TABLE","DocNumberTrx","varchar","13","doc"
"dbo","ACCR_PAYMENT","BASE TABLE","NCStoreNo","int","5","store"
"dbo","ADDRESS_VALIDATION_AUDIT","BASE TABLE","StoreNo","int","2","store"
"dbo","ADJUSTMENT","BASE TABLE","StoreNo","int","2","store"
"dbo","ADJUSTMENT","BASE TABLE","ReasonCode","int","8","reason"
"dbo","ADJUSTMENT","BASE TABLE","DocNumber","varchar","10","doc"
"dbo","ADJUSTMENT","BASE TABLE","DocReference","varchar","22","doc"
"dbo","ADJUSTMENT","BASE TABLE","ReverseDocNo","int","23","doc"
"dbo","ADJUSTMENT","BASE TABLE","SourceStore","int","34","store"
"dbo","ADJUSTMENT_LINE","BASE TABLE","StoreNo","int","3","store"
"dbo","ADJUSTMENT_NOTE","BASE TABLE","StoreNo","int","2","store"
"dbo","ADJUSTMENT_NOTE","BASE TABLE","ReasonCode","int","6","reason"
"dbo","ADJUSTMENT_NOTE","BASE TABLE","DocNumber","varchar","14","doc"
"dbo","ADJUSTMENT_NOTE","BASE TABLE","ReverseDocNo","int","19","doc"
"dbo","ADJUSTMENT_NOTE","BASE TABLE","SourceStore","int","20","store"
"dbo","ADJUSTMENT_NOTE_LINE","BASE TABLE","StoreNo","int","2","store"
"dbo","ADJUSTMENT_NOTE_NUMBER","BASE TABLE","StoreNo","int","1","store"
"dbo","ADJUSTMENT_NUMBER","BASE TABLE","StoreNo","int","1","store"
"dbo","ADJUSTMENT_REASON","BASE TABLE","ReasonCode","int","1","reason"
"dbo","ADJUSTMENT_REASON","BASE TABLE","ReasonDescription","varchar","2","reason"
"dbo","ADJUSTMENT_REASON","BASE TABLE","PhysicalInventory","bit","3","reason"
"dbo","ADJUSTMENT_REASON","BASE TABLE","AssemblyKit","bit","4","reason"
"dbo","ADJUSTMENT_REASON","BASE TABLE","TypeCode","char","5","reason"
"dbo","ADJUSTMENT_REASON","BASE TABLE","Deleted","bit","6","reason"
"dbo","ADJUSTMENT_REASON","BASE TABLE","DiscReasonCode","varchar","7","reason"
"dbo","ADJUSTMENT_REASON","BASE TABLE","CreationDate","datetime","8","reason"
"dbo","ADJUSTMENT_REASON","BASE TABLE","CreatedBy","varchar","9","reason"
"dbo","ADJUSTMENT_REASON","BASE TABLE","ChangeDate","datetime","10","reason"
"dbo","ADJUSTMENT_REASON","BASE TABLE","ModifiedBy","varchar","11","reason"
"dbo","ADJUSTMENT_REASON","BASE TABLE","ReasonExternalId","varchar","12","reason"
"dbo","ADJUSTMENT_REASON","BASE TABLE","PollStatusCode","tinyint","13","reason"
"dbo","ADJUSTMENT_STORE","BASE TABLE","AdjustmentId","uniqueidentifier","1","store"
"dbo","ADJUSTMENT_STORE","BASE TABLE","LineId","int","2","store"
"dbo","ADJUSTMENT_STORE","BASE TABLE","StoreNo","int","3","store"
"dbo","ADJUSTMENT_STORE","BASE TABLE","AdjustmentStoreNo","int","4","store"
"dbo","ADJUSTMENT_STORE","BASE TABLE","SKU","int","5","store"
"dbo","ADJUSTMENT_STORE","BASE TABLE","Qty","decimal","6","store"
"dbo","ADJUSTMENT_STORE","BASE TABLE","RetailPriceAfter","decimal","7","store"
"dbo","ADJUSTMENT_STORE","BASE TABLE","RetailPriceBefore","decimal","8","store"
"dbo","ADJUSTMENT_STORE","BASE TABLE","RetailPriceDiff","decimal","9","store"
"dbo","ADJUSTMENT_STORE","BASE TABLE","RetailPriceAfterWTax","decimal","10","store"
"dbo","ADJUSTMENT_STORE","BASE TABLE","RetailPriceBeforeWTax","decimal","11","store"
"dbo","ADJUSTMENT_STORE","BASE TABLE","RetailPriceDiffWTax","decimal","12","store"
"dbo","ADJUSTMENT_STORE","BASE TABLE","TaxAreaCode","int","13","store"
"dbo","ADJUSTMENT_STORE","BASE TABLE","TaxCode","int","14","store"
"dbo","ADJUSTMENT_STORE","BASE TABLE","TaxPercent","decimal","15","store"
"dbo","ADJUSTMENT_STORE","BASE TABLE","TaxAmount","decimal","16","store"
"dbo","ADJUSTMENT_STORE","BASE TABLE","CostAfter","decimal","17","store"
"dbo","ADJUSTMENT_STORE","BASE TABLE","CostBefore","decimal","18","store"
"dbo","ADJUSTMENT_STORE","BASE TABLE","CostDiff","decimal","19","store"
"dbo","ALERT","BASE TABLE","CopyEmailToStore","bit","14","store"
"dbo","ALERT_DISC_REASON","BASE TABLE","AlertId","int","1","reason"
"dbo","ALERT_DISC_REASON","BASE TABLE","ReasonCode","varchar","2","reason"
"dbo","ALERT_MOVEMENT_TYPE","BASE TABLE","AlertId","int","1","movement"
"dbo","ALERT_MOVEMENT_TYPE","BASE TABLE","MovementTypeCode","char","2","movement"
"dbo","ALERT_RETURN_REASON","BASE TABLE","AlertId","int","1","reason"
"dbo","ALERT_RETURN_REASON","BASE TABLE","ReasonCode","varchar","2","reason"
"dbo","ALERT_STORE","BASE TABLE","AlertId","int","1","store"
"dbo","ALERT_STORE","BASE TABLE","StoreNo","int","2","store"
"dbo","ALERT_STORE_CATEGORY","BASE TABLE","AlertId","int","1","store"
"dbo","ALERT_STORE_CATEGORY","BASE TABLE","CategoryId","int","2","store"
"dbo","ALERT_STORE_GROUP","BASE TABLE","AlertId","int","1","store"
"dbo","ALERT_STORE_GROUP","BASE TABLE","GroupId","int","2","store"
"dbo","ALERT_STORE_PRICE_GROUP","BASE TABLE","AlertId","int","1","store"
"dbo","ALERT_STORE_PRICE_GROUP","BASE TABLE","PriceGroupId","int","2","store"
"dbo","ALERT_STORE_REGION","BASE TABLE","AlertId","int","1","store"
"dbo","ALERT_STORE_REGION","BASE TABLE","RegionCode","varchar","2","store"
"dbo","ALERT_STORE_TYPE","BASE TABLE","AlertId","int","1","store"
"dbo","ALERT_STORE_TYPE","BASE TABLE","StoreType","char","2","store"
"dbo","ALERT_TYPE","BASE TABLE","StoredProcedure","varchar","7","store"
"dbo","ALERT_VOID_REASON","BASE TABLE","AlertId","int","1","reason"
"dbo","ALERT_VOID_REASON","BASE TABLE","ReasonCode","varchar","2","reason"
"dbo","ALLOCATION_PERCENTAGE","BASE TABLE","StoreNo","int","2","store"
"dbo","AUDIT_GROUP_STORE","BASE TABLE","GroupId","int","1","store"
"dbo","AUDIT_GROUP_STORE","BASE TABLE","StoreNo","int","2","store"
"dbo","AUDIT_MEDIA_RECONCILIATION","BASE TABLE","StoreNo","int","1","store"
"dbo","AUDIT_SALES","BASE TABLE","StoreNo","int","1","store"
"dbo","AUDIT_SALES_STATUS","BASE TABLE","StoreNo","int","1","store"
"dbo","AUDIT_STORE_REGISTER","BASE TABLE","StoreNo","int","1","store"
"dbo","AUDIT_STORE_REGISTER","BASE TABLE","RegisterId","varchar","2","store"
"dbo","AUDIT_STORE_REGISTER","BASE TABLE","DateCreated","datetime","3","store"
"dbo","AUDIT_TRANSACTION","BASE TABLE","StoreNo","int","1","store"
"dbo","AUDIT_TRANSACTION","BASE TABLE","DocNumber","varchar","4","doc"
"dbo","AUDIT_TRANSACTION","BASE TABLE","ReasonCode","varchar","20","reason"
"dbo","AUDIT_TRANSACTION","BASE TABLE","Reason","varchar","21","reason"
"dbo","AUDIT_TRANSACTION_LINE","BASE TABLE","StoreNo","int","1","store"
"dbo","AVERAGES_STORE","BASE TABLE","AverageTypeId","int","1","store"
"dbo","AVERAGES_STORE","BASE TABLE","StoreNo","int","2","store"
"dbo","AVERAGES_STORE","BASE TABLE","StoreAverage","numeric","3","store"
"dbo","AVERAGES_STORE","BASE TABLE","AvgCount","int","4","store"
"dbo","AVERAGES_STORE","BASE TABLE","AvgCountTotal","int","5","store"
"dbo","AVERAGES_STORE","BASE TABLE","DateAdded","datetime","6","store"
"dbo","AVERAGES_TYPE","BASE TABLE","StoredProcedure","varchar","5","store"
"dbo","BALANCE_EVENT","BASE TABLE","StockBelow","int","10","stock"
"dbo","BALANCE_EVENT","BASE TABLE","StoreOrderId","int","15","store"
"dbo","BALANCE_EVENT_PRODUCT","BASE TABLE","FromStoreNo","int","4","store"
"dbo","BALANCE_EVENT_PRODUCT","BASE TABLE","ToStoreNo","int","5","store"
"dbo","BALANCE_EVENT_STORE","BASE TABLE","BalanceEventId","int","1","store"
"dbo","BALANCE_EVENT_STORE","BASE TABLE","StoreNo","int","2","store"
"dbo","BALANCE_EVENT_STORE","BASE TABLE","ListOrder","int","3","store"
"dbo","BENEFIT","BASE TABLE","StoreNo","int","2","store"
"dbo","BENEFIT","BASE TABLE","ReasonCode","varchar","6","reason"
"dbo","BENEFIT_ITEMS","BASE TABLE","StoreNo","int","2","store"
"dbo","BENEFIT_STORE","BASE TABLE","PromoId","int","1","store"
"dbo","BENEFIT_STORE","BASE TABLE","StoreNo","int","2","store"
"dbo","BENEFIT_STORE","BASE TABLE","PollStatusCode","tinyint","3","store"
"dbo","BOOKING","BASE TABLE","StoreNo","int","1","store"
"dbo","BOOKING","BASE TABLE","DocNumber","varchar","5","doc"
"dbo","BOOKING_REPORT","BASE TABLE","StoreNo","int","2","store"
"dbo","BOOKING_STORE_PREFERENCES","BASE TABLE","StoreNo","int","1","store"
"dbo","BOOKING_STORE_PREFERENCES","BASE TABLE","StartTime","datetime","2","store"
"dbo","BOOKING_STORE_PREFERENCES","BASE TABLE","EndTime","datetime","3","store"
"dbo","BOOKING_STORE_PREFERENCES","BASE TABLE","PollStatusCode","tinyint","4","store"
"dbo","BOOKING_SURVEY","BASE TABLE","StoreNo","int","2","store"
"dbo","BOOKING_SURVEY_QUESTION","BASE TABLE","StoreNo","int","2","store"
"dbo","CARTON_NUMBER","BASE TABLE","StoreNo","int","1","store"
"dbo","CARTON_NUMBERS_STORE","BASE TABLE","StoreNo","int","1","store"
"dbo","CARTON_NUMBERS_STORE","BASE TABLE","CartonNo","varchar","2","store"
"dbo","CARTON_NUMBERS_STORE","BASE TABLE","Printed","bit","3","store"
"dbo","CARTON_NUMBERS_STORE_SEED","BASE TABLE","StoreNo","int","1","store"
"dbo","CARTON_NUMBERS_STORE_SEED","BASE TABLE","CartonSeed","bigint","2","store"
"dbo","CARTON_NUMBERS_STORE_SEED","BASE TABLE","Processed","bit","3","store"
"dbo","CHARGEITPROREPORT","BASE TABLE","StoreNo","int","2","store"
"dbo","CLUSTER_STORE","BASE TABLE","ClusterId","int","1","store"
"dbo","CLUSTER_STORE","BASE TABLE","StoreNo","int","2","store"
"dbo","CLUSTER_STORE","BASE TABLE","AddedDate","datetime","3","store"
"dbo","CLUSTER_STORE","BASE TABLE","Bit1","bit","4","store"
"dbo","CLUSTER_STORE","BASE TABLE","Bit2","bit","5","store"
"dbo","CLUSTER_STORE","BASE TABLE","Bit3","bit","6","store"
"dbo","CRM_CUSTOMER_TOTALS","BASE TABLE","LastStoreVisited","int","8","store"
"dbo","CUSTM_INTERCOMPANY_ACTION","BASE TABLE","TransactionStoreNo","int","2","store"
"dbo","CUSTM_INTERCOMPANY_ACTION","BASE TABLE","DocNumber","varchar","6","doc"
"dbo","CUSTM_INTERCOMPANY_ACTION","BASE TABLE","DestinationSlipStoreNo","int","15","store"
"dbo","CUSTM_INTERCOMPANY_ACTION","BASE TABLE","DestinationSOStoreNo","int","17","store"
"dbo","CUSTM_JOCKEYPLAZA_DATA","BASE TABLE","StoreId","int","2","store"
"dbo","CUSTOMER","BASE TABLE","StoreNo","int","2","store"
"dbo","CUSTOMER","BASE TABLE","ReasonCode","varchar","35","reason"
"dbo","CUSTOMER_AR","BASE TABLE","StoreNo","int","11","store"
"dbo","CUSTOMER_HISTORY","BASE TABLE","StoreNo","int","2","store"
"dbo","CUSTOMER_HISTORY","BASE TABLE","LocalStoreNo","int","13","store"
"dbo","CUSTOMER_MEMBER_CLUB","BASE TABLE","StoreNo","int","2","store"
"dbo","CUSTOMER_NUMBER","BASE TABLE","StoreNo","int","1","store"
"dbo","CUSTOMER_PRICE_LEVEL","BASE TABLE","StoreNo","int","2","store"
"dbo","CUSTOMER_TOTALS","BASE TABLE","StoreCredit","decimal","7","store"
"dbo","DAILY_COSTING_DOCUMENTS","BASE TABLE","SKU","int","1","document"
"dbo","DAILY_COSTING_DOCUMENTS","BASE TABLE","DocStoreNo","int","2","document"
"dbo","DAILY_COSTING_DOCUMENTS","BASE TABLE","DocId","uniqueidentifier","3","document"
"dbo","DAILY_COSTING_DOCUMENTS","BASE TABLE","DocType","varchar","4","document"
"dbo","DAILY_COSTING_DOCUMENTS","BASE TABLE","DocDate","datetime","5","document"
"dbo","DAILY_COSTING_DOCUMENTS","BASE TABLE","DocStatusCode","char","6","document"
"dbo","DAILY_COSTING_DOCUMENTS","BASE TABLE","Qty","decimal","7","document"
"dbo","DAILY_COSTING_DOCUMENTS","BASE TABLE","Cost","decimal","8","document"
"dbo","DAILY_MOVEMENT_DOCUMENTS","BASE TABLE","DocId","uniqueidentifier","1","movement"
"dbo","DAILY_MOVEMENT_DOCUMENTS","BASE TABLE","DocStoreNo","int","2","movement"
"dbo","DAILY_MOVEMENT_DOCUMENTS","BASE TABLE","SKU","int","3","movement"
"dbo","DAILY_MOVEMENT_DOCUMENTS","BASE TABLE","DocDate","datetime","4","movement"
"dbo","DAILY_MOVEMENT_DOCUMENTS","BASE TABLE","TxName","varchar","5","movement"
"dbo","DAILY_MOVEMENT_DOCUMENTS","BASE TABLE","Qty","decimal","6","movement"
"dbo","DAILY_MOVEMENT_DOCUMENTS","BASE TABLE","StDocument","bit","7","movement"
"dbo","DAILY_RECEIPT","BASE TABLE","StoreNo","int","1","store"
"dbo","DAILY_RECEIPT","BASE TABLE","DocNumber","varchar","16","doc"
"dbo","DAILY_RECEIPT","BASE TABLE","DocReference","varchar","59","doc"
"dbo","DAILY_RECEIPT","BASE TABLE","ReverseDocNo","int","60","doc"
"dbo","DAILY_RECEIPT","BASE TABLE","SourceStore","int","72","store"
"dbo","DAILY_RECEIPT","BASE TABLE","ReasonCode","varchar","75","reason"
"dbo","DAILY_RECEIPT","BASE TABLE","SOStoreNo","int","91","store"
"dbo","DAILY_RECEIPT_LINE","BASE TABLE","StoreNo","int","1","store"
"dbo","DAILY_RECEIPT_LINE","BASE TABLE","ReasonCode","varchar","12","reason"
"dbo","DAILY_RECEIPT_LINE_TAX","BASE TABLE","StoreNo","int","1","store"
"dbo","DAILY_RECEIPT_TENDER","BASE TABLE","StoreNo","int","1","store"
"dbo","DISC_REASON_AREA","BASE TABLE","Area","char","1","reason"
"dbo","DISC_REASON_AREA","BASE TABLE","AreaName","varchar","2","reason"
"dbo","DISC_REASON_AREA","BASE TABLE","PollStatusCode","tinyint","3","reason"
"dbo","DISC_REASON_STATUS","BASE TABLE","StatusCode","char","1","reason"
"dbo","DISC_REASON_STATUS","BASE TABLE","StatusName","varchar","2","reason"
"dbo","DISC_REASON_STATUS","BASE TABLE","PollStatusCode","tinyint","3","reason"
"dbo","DISTRO","BASE TABLE","DistroStoreNo","int","11","store"
"dbo","DISTRO","BASE TABLE","ReserveStoreNo","int","12","store"
"dbo","DISTRO","BASE TABLE","VoucherStoreNo","int","16","store"
"dbo","DISTRO","BASE TABLE","VoucherASNStoreNo","int","18","store"
"dbo","DISTRO","BASE TABLE","NumberActiveStores","int","40","store"
"dbo","DISTRO","BASE TABLE","UnitSalesAllStores","bigint","41","store"
"dbo","DISTRO","BASE TABLE","OnHandAllStores","bigint","42","store"
"dbo","DISTRO","BASE TABLE","PlanUnitSalesAllStores","bigint","43","store"
"dbo","DISTRO","BASE TABLE","PlanOnHandAllStores","bigint","44","store"
"dbo","DISTRO","BASE TABLE","WeeksOfSupplyStoresNeed","int","45","store"
"dbo","DISTRO","BASE TABLE","MaxPacksPerStore","int","51","store"
"dbo","DISTRO","BASE TABLE","AllowPackAllocExceedStoreNo","int","52","store"
"dbo","DISTRO","BASE TABLE","StorePackDefinitionReleased","bit","55","store"
"dbo","DISTRO","BASE TABLE","StorePackDefinitionLocked","bit","56","store"
"dbo","DISTRO","BASE TABLE","MinimumOnePackPerStore","bit","63","store"
"dbo","DISTRO","BASE TABLE","ApplyProtectedStock","bit","64","stock"
"dbo","DISTRO_DETAIL","BASE TABLE","StoreNo","int","5","store"
"dbo","DISTRO_DETAIL","BASE TABLE","SkippedReasonCode","int","9","reason"
"dbo","DISTRO_DETAIL","BASE TABLE","QtyTransfer","decimal","18","transfer"
"dbo","DISTRO_DETAIL_PACK","BASE TABLE","StoreNo","nchar","4","store"
"dbo","DISTRO_LINE","BASE TABLE","MinimunOnePackPerStore","bit","11","store"
"dbo","DISTRO_LINE_STORE","BASE TABLE","DistroId","nchar","1","store"
"dbo","DISTRO_LINE_STORE","BASE TABLE","StoreNo","nchar","2","store"
"dbo","DISTRO_LINE_STORE","BASE TABLE","StyleCode","int","3","store"
"dbo","DISTRO_LINE_STORE","BASE TABLE","Qty","decimal","4","store"
"dbo","DISTRO_LINE_STORE","BASE TABLE","Eligibilty","int","5","store"
"dbo","DISTRO_LINE_STORE","BASE TABLE","InstructionId","int","6","store"
"dbo","DISTRO_LINE_STORE","BASE TABLE","InstructionValue","int","7","store"
"dbo","DISTRO_LINE_STORE","BASE TABLE","HistoryEffectiveInventory","int","8","store"
"dbo","DISTRO_LINE_STORE","BASE TABLE","HistoryUnitSales","int","9","store"
"dbo","DISTRO_LINE_STORE","BASE TABLE","NumberWeeksSales","int","10","store"
"dbo","DISTRO_LINE_STORE","BASE TABLE","StoreNeed","int","11","store"
"dbo","DISTRO_LINE_STORE","BASE TABLE","StoreNeedPercent","float","12","store"
"dbo","DISTRO_LINE_STORE","BASE TABLE","StoreNeedWeighting","float","13","store"
"dbo","DISTRO_LINE_STORE","BASE TABLE","SalesPlan","int","14","store"
"dbo","DISTRO_LINE_STORE","BASE TABLE","SalesPlanPercent","float","15","store"
"dbo","DISTRO_LINE_STORE","BASE TABLE","SalesPlanWeighting","float","16","store"
"dbo","DISTRO_LINE_STORE","BASE TABLE","SuggetedQtyPercent","float","17","store"
"dbo","DISTRO_MIN_MAX_PROFILE","BASE TABLE","IncludePresentStockWithOrderPoint","bit","8","stock"
"dbo","DISTRO_STORE","BASE TABLE","StoreNo","int","1","store"
"dbo","DISTRO_STORE","BASE TABLE","SuggestedQty","decimal","2","store"
"dbo","DISTRO_STORE","BASE TABLE","InstructionId","int","3","store"
"dbo","DISTRO_STORE","BASE TABLE","ExpectedReceiveDate","datetime","4","store"
"dbo","DISTRO_STORE","BASE TABLE","InstructionValue","int","5","store"
"dbo","DISTRO_STORE","BASE TABLE","VolumeGradeId","int","6","store"
"dbo","DISTRO_STORE","BASE TABLE","SellThruGradeId","int","7","store"
"dbo","DISTRO_STORE","BASE TABLE","GroupInstructionId","int","8","store"
"dbo","DISTRO_STORE","BASE TABLE","EffectiveInventory","int","9","store"
"dbo","DISTRO_STORE","BASE TABLE","HistoryEffectiveInventory","int","10","store"
"dbo","DISTRO_STORE","BASE TABLE","UnitSales","int","11","store"
"dbo","DISTRO_STORE","BASE TABLE","HistoryUnitSales","int","12","store"
"dbo","DISTRO_STORE","BASE TABLE","RetailSales","int","13","store"
"dbo","DISTRO_STORE","BASE TABLE","HistoryRetailSales","int","14","store"
"dbo","DISTRO_STORE","BASE TABLE","OnHand","int","15","store"
"dbo","DISTRO_STORE","BASE TABLE","HistoryOnHand","int","16","store"
"dbo","DISTRO_STORE","BASE TABLE","NumberWeekSales","int","17","store"
"dbo","DISTRO_STORE","BASE TABLE","RemainingSales","int","18","store"
"dbo","DISTRO_STORE","BASE TABLE","PriorDistro","bit","19","store"
"dbo","DISTRO_STORE","BASE TABLE","PriorDistroQty","int","20","store"
"dbo","DISTRO_STORE","BASE TABLE","DesireQty","int","21","store"
"dbo","DISTRO_STORE","BASE TABLE","OTS","bit","22","store"
"dbo","DISTRO_STORE","BASE TABLE","Eligibility","int","23","store"
"dbo","DISTRO_STORE","BASE TABLE","TotalDistributedQty","decimal","24","store"
"dbo","DISTRO_STORE","BASE TABLE","TotalSuggestedQty","decimal","25","store"
"dbo","DISTRO_STORE","BASE TABLE","TotalNeededQty","decimal","26","store"
"dbo","DISTRO_STORE","BASE TABLE","GMROI","decimal","27","store"
"dbo","DISTRO_STORE","BASE TABLE","SalesPlanWeighting","float","28","store"
"dbo","DISTRO_STORE","BASE TABLE","UnitNeedWeighting","float","29","store"
"dbo","DISTRO_STORE","BASE TABLE","SuggestedQtyPercent","float","30","store"
"dbo","DISTRO_STORE","BASE TABLE","DistroId","int","31","store"
"dbo","DISTRO_STORE","BASE TABLE","SalesQty","int","32","store"
"dbo","DISTRO_STORE","BASE TABLE","SalesExtPrice","decimal","33","store"
"dbo","DISTRO_STORE","BASE TABLE","SalesExtCost","decimal","34","store"
"dbo","DISTRO_STORE","BASE TABLE","SalesMargin","decimal","35","store"
"dbo","DISTRO_STORE","BASE TABLE","EndOnHandQty","int","36","store"
"dbo","DISTRO_STORE","BASE TABLE","EndOnHandExtPrice","decimal","37","store"
"dbo","DISTRO_STORE","BASE TABLE","EndOnHandExtCost","decimal","38","store"
"dbo","DISTRO_STORE","BASE TABLE","AvgInvUnits","decimal","39","store"
"dbo","DISTRO_STORE","BASE TABLE","AvgSalesUnits","decimal","40","store"
"dbo","DISTRO_STORE_CLASS_LASTTIME","BASE TABLE","Outtostore","int","1","store"
"dbo","DISTRO_STORE_CLASS_LASTTIME","BASE TABLE","ClassCode","varchar","2","store"
"dbo","DISTRO_STORE_CLASS_LASTTIME","BASE TABLE","LTD","datetime","3","store"
"dbo","DISTRO_STORE_CLASS_LASTTIME","BASE TABLE","noofdays","int","4","store"
"dbo","DISTRO_STORE_GRADE","BASE TABLE","DistroId","nchar","1","store"
"dbo","DISTRO_STORE_GRADE","BASE TABLE","StoreGradeId","int","2","store"
"dbo","DISTRO_STORE_GRADE","BASE TABLE","StoreNo","int","3","store"
"dbo","DISTRO_STORE_GRADE","BASE TABLE","OriginalDefinitionId","int","4","store"
"dbo","DISTRO_STORE_GRADE","BASE TABLE","CurrentDefinitionId","int","5","store"
"dbo","DISTRO_STORE_GRADE","BASE TABLE","FinalDefinitionId","int","6","store"
"dbo","DISTRO_STORE_GROUP","BASE TABLE","Name","varchar","1","store"
"dbo","DISTRO_STORE_GROUP","BASE TABLE","Description","varchar","2","store"
"dbo","DISTRO_STORE_GROUP","BASE TABLE","DistroGroupId","int","3","store"
"dbo","DISTRO_STORE_GROUP","BASE TABLE","Deleted","bit","4","store"
"dbo","DISTRO_STORE_GROUP","BASE TABLE","CreatedBy","varchar","5","store"
"dbo","DISTRO_STORE_GROUP","BASE TABLE","CreationDate","datetime","6","store"
"dbo","DISTRO_STORE_GROUP","BASE TABLE","ModifiedBy","varchar","7","store"
"dbo","DISTRO_STORE_GROUP","BASE TABLE","ChangeDate","datetime","8","store"
"dbo","DISTRO_STORE_GROUP_MEMBER","BASE TABLE","DistroGroupId","int","1","store"
"dbo","DISTRO_STORE_GROUP_MEMBER","BASE TABLE","StoreNo","int","2","store"
"dbo","DISTRO_STORE_RANKING","BASE TABLE","DistroId","int","1","store"
"dbo","DISTRO_STORE_RANKING","BASE TABLE","RankingGradeId","int","2","store"
"dbo","DISTRO_STORE_RANKING","BASE TABLE","Grade","nvarchar","3","store"
"dbo","DISTRO_STORE_RANKING","BASE TABLE","StoreNo","int","4","store"
"dbo","DISTRO_VOUCHER","BASE TABLE","StoreNo","int","3","store"
"dbo","DOCUMENT_HISTORY","BASE TABLE","RecNum","int","1","document"
"dbo","DOCUMENT_HISTORY","BASE TABLE","DocStoreNo","int","2","document"
"dbo","DOCUMENT_HISTORY","BASE TABLE","DocId","uniqueidentifier","3","document"
"dbo","DOCUMENT_HISTORY","BASE TABLE","DocTypeCode","char","4","document"
"dbo","DOCUMENT_HISTORY","BASE TABLE","LineId","int","5","document"
"dbo","DOCUMENT_HISTORY","BASE TABLE","SKU","int","6","document"
"dbo","DOCUMENT_HISTORY","BASE TABLE","DBField","varchar","7","document"
"dbo","DOCUMENT_HISTORY","BASE TABLE","ChangeDate","datetime","8","document"
"dbo","DOCUMENT_HISTORY","BASE TABLE","ChangedBy","varchar","9","document"
"dbo","DOCUMENT_HISTORY","BASE TABLE","OldValue","varchar","10","document"
"dbo","DOCUMENT_HISTORY","BASE TABLE","NewValue","varchar","11","document"
"dbo","DOCUMENT_HISTORY","BASE TABLE","RegisterId","varchar","12","document"
"dbo","DOCUMENT_HISTORY","BASE TABLE","Version","varchar","13","document"
"dbo","DOCUMENT_HISTORY","BASE TABLE","ActionCode","char","14","document"
"dbo","DOCUMENT_HISTORY","BASE TABLE","LocalStoreNo","int","15","document"
"dbo","DOCUMENT_HISTORY","BASE TABLE","Info1","varchar","16","document"
"dbo","DOCUMENT_HISTORY","BASE TABLE","Info2","varchar","17","document"
"dbo","DOCUMENT_HISTORY","BASE TABLE","Info3","varchar","18","document"
"dbo","DOCUMENT_HISTORY","BASE TABLE","Info4","varchar","19","document"
"dbo","DOCUMENT_HISTORY","BASE TABLE","Info5","varchar","20","document"
"dbo","DOCUMENT_HISTORY","BASE TABLE","PollStatusCode","tinyint","21","document"
"dbo","DOCUMENT_STATUS","BASE TABLE","StatusCode","char","1","document"
"dbo","DOCUMENT_STATUS","BASE TABLE","StatusName","varchar","2","document"
"dbo","DOCUMENT_STATUS","BASE TABLE","UseInAdjustment","bit","3","document"
"dbo","DOCUMENT_STATUS","BASE TABLE","UseInPO","bit","4","document"
"dbo","DOCUMENT_STATUS","BASE TABLE","UseInReceipt","bit","5","document"
"dbo","DOCUMENT_STATUS","BASE TABLE","UseInSlip","bit","6","document"
"dbo","DOCUMENT_STATUS","BASE TABLE","UseInSO","bit","7","document"
"dbo","DOCUMENT_STATUS","BASE TABLE","UseInVoucher","bit","8","document"
"dbo","DOCUMENT_STATUS","BASE TABLE","UseInNote","bit","9","document"
"dbo","DOCUMENT_STATUS","BASE TABLE","UseInTD","bit","10","document"
"dbo","DOCUMENT_STATUS","BASE TABLE","UseInVoucherASN","bit","11","document"
"dbo","DOCUMENT_STATUS","BASE TABLE","UseInInvoice","bit","12","document"
"dbo","DOCUMENT_STATUS","BASE TABLE","UseInInvRequest","bit","13","request"
"dbo","DOCUMENT_STATUS","BASE TABLE","UseInTransit","bit","14","document"
"dbo","DOCUMENT_STATUS","BASE TABLE","UseInLetter","bit","15","document"
"dbo","DOCUMENT_STATUS","BASE TABLE","UseInVendorPackingList","bit","16","document"
"dbo","DOCUMENT_STATUS","BASE TABLE","UseInManifest","bit","17","document"
"dbo","DOCUMENT_STATUS","BASE TABLE","UseInImportInvoice","bit","18","document"
"dbo","DOCUMENT_STATUS","BASE TABLE","PollStatusCode","tinyint","19","document"
"dbo","DOCUMENT_STATUS","BASE TABLE","UseInRTVASN","bit","20","document"
"dbo","DOCUMENT_STATUS","BASE TABLE","UseInPackCarton","bit","21","document"
"dbo","EDI","BASE TABLE","DocReference","varchar","7","doc"
"dbo","ELECTRONIC_DOCUMENT","BASE TABLE","StoreNo","int","1","document"
"dbo","ELECTRONIC_DOCUMENT","BASE TABLE","DocumentId","uniqueidentifier","2","document"
"dbo","ELECTRONIC_DOCUMENT","BASE TABLE","TypeCode","char","3","document"
"dbo","ELECTRONIC_DOCUMENT","BASE TABLE","ElectronicInfo","varchar","4","document"
"dbo","ELECTRONIC_DOCUMENT","BASE TABLE","Hash","varchar","5","document"
"dbo","ELECTRONIC_DOCUMENT","BASE TABLE","DocNumber","varchar","6","document"
"dbo","ELECTRONIC_DOCUMENT","BASE TABLE","TransportId","int","7","document"
"dbo","ELECTRONIC_DOCUMENT","BASE TABLE","VehiculeId","int","8","document"
"dbo","ELECTRONIC_DOCUMENT","BASE TABLE","DriverId","int","9","document"
"dbo","ELECTRONIC_DOCUMENT","BASE TABLE","CreationDate","datetime","10","document"
"dbo","ELECTRONIC_DOCUMENT","BASE TABLE","CreatedBy","varchar","11","document"
"dbo","ELECTRONIC_DOCUMENT","BASE TABLE","RegisterId","varchar","12","document"
"dbo","ELECTRONIC_DOCUMENT","BASE TABLE","ResponseCode","varchar","13","document"
"dbo","ELECTRONIC_DOCUMENT","BASE TABLE","ResponseDescription","varchar","14","document"
"dbo","ELECTRONIC_DOCUMENT","BASE TABLE","Info1","varchar","15","document"
"dbo","ELECTRONIC_DOCUMENT","BASE TABLE","Info2","varchar","16","document"
"dbo","ELECTRONIC_DOCUMENT","BASE TABLE","Info3","varchar","17","document"
"dbo","ELECTRONIC_DOCUMENT","BASE TABLE","Notes","varchar","18","document"
"dbo","ELECTRONIC_DOCUMENT","BASE TABLE","PollStatusCode","tinyint","19","document"
"dbo","ELECTRONIC_DOCUMENT","BASE TABLE","DocumentNo","int","20","document"
"dbo","ELECTRONIC_DOCUMENT","BASE TABLE","TransactionType","varchar","21","document"
"dbo","ELECTRONIC_DOCUMENT","BASE TABLE","Version","varchar","22","document"
"dbo","ELECTRONIC_DOCUMENT","BASE TABLE","ResetPollStatusCode","tinyint","23","document"
"dbo","ELECTRONIC_DOCUMENT","BASE TABLE","ModeCode","varchar","24","document"
"dbo","ELECTRONIC_DOCUMENT","BASE TABLE","ReasonCode","varchar","25","document"
"dbo","ELECTRONIC_DOCUMENT","BASE TABLE","ReasonDescription","varchar","26","document"
"dbo","ELECTRONIC_DOCUMENT","BASE TABLE","StartDate","datetime","27","document"
"dbo","ELECTRONIC_DOCUMENT","BASE TABLE","DeliveryDate","datetime","28","document"
"dbo","ELECTRONIC_DOCUMENT","BASE TABLE","Package","int","29","document"
"dbo","ELECTRONIC_DOCUMENT","BASE TABLE","GrossWeight","decimal","30","document"
"dbo","ELECTRONIC_DOCUMENT","BASE TABLE","NetWeight","decimal","31","document"
"dbo","ELECTRONIC_DOCUMENT","BASE TABLE","ContainerCode1","varchar","32","document"
"dbo","ELECTRONIC_DOCUMENT","BASE TABLE","ContainerCode2","varchar","33","document"
"dbo","ELECTRONIC_DOCUMENT","BASE TABLE","SealCode1","varchar","34","document"
"dbo","ELECTRONIC_DOCUMENT","BASE TABLE","SealCode2","varchar","35","document"
"dbo","ELECTRONIC_DOCUMENT","BASE TABLE","ModifiedBy","varchar","36","document"
"dbo","ELECTRONIC_DOCUMENT","BASE TABLE","ChangeDate","datetime","37","document"
"dbo","ELECTRONIC_DOCUMENT","BASE TABLE","SourceStore","int","38","document"
"dbo","ELECTRONIC_DOCUMENT","BASE TABLE","EntityResponseCode","varchar","39","document"
"dbo","ELECTRONIC_DOCUMENT","BASE TABLE","EntityResponseDescription","varchar","40","document"
"dbo","ELECTRONIC_DOCUMENT","BASE TABLE","ServiceIndicator","varchar","41","document"
"dbo","ELECTRONIC_DOCUMENT","BASE TABLE","Info4","varchar","42","document"
"dbo","ELECTRONIC_DOCUMENT","BASE TABLE","Info5","varchar","43","document"
"dbo","ELECTRONIC_DOCUMENT","BASE TABLE","Info6","varchar","44","document"
"dbo","ELECTRONIC_DOCUMENT","BASE TABLE","Info7","varchar","45","document"
"dbo","ELECTRONIC_DOCUMENT","BASE TABLE","Info8","varchar","46","document"
"dbo","ELECTRONIC_DOCUMENT","BASE TABLE","Info9","varchar","47","document"
"dbo","ELECTRONIC_DOCUMENT","BASE TABLE","Info10","varchar","48","document"
"dbo","ELECTRONIC_DOCUMENT","BASE TABLE","ManualDocument","bit","49","document"
"dbo","ELECTRONIC_DOCUMENT","BASE TABLE","StatusCode","char","50","document"
"dbo","ELECTRONIC_DOCUMENT","BASE TABLE","Addresses","varchar","51","document"
"dbo","ELECTRONIC_DOCUMENT_ACTION","BASE TABLE","StoreNo","int","1","document"
"dbo","ELECTRONIC_DOCUMENT_ACTION","BASE TABLE","DocumentId","uniqueidentifier","2","document"
"dbo","ELECTRONIC_DOCUMENT_ACTION","BASE TABLE","TransportId","int","3","document"
"dbo","ELECTRONIC_DOCUMENT_ACTION","BASE TABLE","VehiculeId","int","4","document"
"dbo","ELECTRONIC_DOCUMENT_ACTION","BASE TABLE","DriverId","int","5","document"
"dbo","ELECTRONIC_DOCUMENT_ACTION","BASE TABLE","Package","int","6","document"
"dbo","ELECTRONIC_DOCUMENT_ACTION","BASE TABLE","Weight","decimal","7","document"
"dbo","ELECTRONIC_DOCUMENT_ACTION","BASE TABLE","TypeCode","char","8","document"
"dbo","ELECTRONIC_DOCUMENT_ACTION","BASE TABLE","StartDate","datetime","9","document"
"dbo","ELECTRONIC_DOCUMENT_ACTION","BASE TABLE","DeliveryDate","datetime","10","document"
"dbo","ELECTRONIC_DOCUMENT_ACTION","BASE TABLE","CreationDate","datetime","11","document"
"dbo","ELECTRONIC_DOCUMENT_ACTION","BASE TABLE","ProcessDate","datetime","12","document"
"dbo","ELECTRONIC_DOCUMENT_ACTION","BASE TABLE","Done","bit","13","document"
"dbo","ELECTRONIC_DOCUMENT_ACTION","BASE TABLE","Response","varchar","14","document"
"dbo","ELECTRONIC_DOCUMENT_ACTION","BASE TABLE","StatusCode","char","15","document"
"dbo","ELECTRONIC_DOCUMENT_REASON","BASE TABLE","ReasonCode","char","1","document"
"dbo","ELECTRONIC_DOCUMENT_REASON","BASE TABLE","TypeCode","char","2","document"
"dbo","ELECTRONIC_DOCUMENT_REASON","BASE TABLE","ReasonArea","char","3","document"
"dbo","ELECTRONIC_DOCUMENT_REASON","BASE TABLE","ReasonName","varchar","4","document"
"dbo","ELECTRONIC_DOCUMENT_REASON","BASE TABLE","ReasonDescription","varchar","5","document"
"dbo","ELECTRONIC_DOCUMENT_REASON","BASE TABLE","ReasonExternalId","char","6","document"
"dbo","ELECTRONIC_DOCUMENT_REASON","BASE TABLE","PollStatusCode","tinyint","7","document"
"dbo","ELECTRONIC_DOCUMENT_RELATION","BASE TABLE","StoreNo","int","1","document"
"dbo","ELECTRONIC_DOCUMENT_RELATION","BASE TABLE","DocumentId","uniqueidentifier","2","document"
"dbo","ELECTRONIC_DOCUMENT_RELATION","BASE TABLE","LineId","int","3","document"
"dbo","ELECTRONIC_DOCUMENT_RELATION","BASE TABLE","DocTypeCode","char","4","document"
"dbo","ELECTRONIC_DOCUMENT_RELATION","BASE TABLE","DocNumber","varchar","5","document"
"dbo","ELECTRONIC_DOCUMENT_RELATION","BASE TABLE","TypeCode","char","6","document"
"dbo","ELECTRONIC_DOCUMENT_STATUS","BASE TABLE","StatusCode","char","1","document"
"dbo","ELECTRONIC_DOCUMENT_STATUS","BASE TABLE","StatusDescription","varchar","2","document"
"dbo","ELECTRONIC_DOCUMENT_STATUS","BASE TABLE","StatusGroupCode","char","3","document"
"dbo","ELECTRONIC_DOCUMENT_TYPE","BASE TABLE","TypeCode","char","1","document"
"dbo","ELECTRONIC_DOCUMENT_TYPE","BASE TABLE","TypeDescription","varchar","2","document"
"dbo","ELECTRONIC_DOCUMENT_TYPE","BASE TABLE","GroupTypeCode","char","3","document"
"dbo","EMPLOYEE","BASE TABLE","HomeStoreNo","int","40","store"
"dbo","EMPLOYEE","BASE TABLE","StockBalanceMultipleCells","bit","51","stock"
"dbo","EMPLOYEE","BASE TABLE","StockBalanceShowQtyInput","bit","52","stock"
"dbo","EMPLOYEE","BASE TABLE","StockBalanceShowSoldQty","bit","53","stock"
"dbo","EMPLOYEE","BASE TABLE","StockBalanceShowOnHandQty","bit","54","stock"
"dbo","EMPLOYEE","BASE TABLE","StockBalanceShowOnOrderQty","bit","55","stock"
"dbo","EMPLOYEE","BASE TABLE","StockBalanceShowMinQty","bit","56","stock"
"dbo","EMPLOYEE","BASE TABLE","StockBalanceShowMaxQty","bit","57","stock"
"dbo","EMPLOYEE","BASE TABLE","StockBalanceShowTransferQty","bit","58","transfer"
"dbo","EMPLOYEE","BASE TABLE","StockBalanceShowInTransitQty","bit","59","stock"
"dbo","EMPLOYEE","BASE TABLE","StockBalanceShowCommittedQty","bit","60","stock"
"dbo","EMPLOYEE","BASE TABLE","StockBalanceShowAvailableQty","bit","61","stock"
"dbo","EMPLOYEE","BASE TABLE","StockBalanceShowDaysInStock","bit","62","stock"
"dbo","EMPLOYEE","BASE TABLE","StockBalanceShowROI","bit","63","stock"
"dbo","EMPLOYEE_COMMISSION","BASE TABLE","StoreNo","int","1","store"
"dbo","FORMULA_STORE","BASE TABLE","FormulaId","uniqueidentifier","1","store"
"dbo","FORMULA_STORE","BASE TABLE","StoreNo","int","2","store"
"dbo","FORMULA_STORE","BASE TABLE","PollStatusCode","tinyint","3","store"
"dbo","GC_LINE","BASE TABLE","StoreNo","int","5","store"
"dbo","GIFT_CERTIFICATE","BASE TABLE","StoreNo","int","4","store"
"dbo","GIFT_CERTIFICATE","BASE TABLE","SourceStore","int","11","store"
"dbo","HOLD_RECEIPT","BASE TABLE","StoreNo","int","1","store"
"dbo","HOLD_RECEIPT","BASE TABLE","DocNumber","varchar","16","doc"
"dbo","HOLD_RECEIPT","BASE TABLE","DocReference","varchar","58","doc"
"dbo","HOLD_RECEIPT","BASE TABLE","ReverseDocNo","int","59","doc"
"dbo","HOLD_RECEIPT","BASE TABLE","SourceStore","int","71","store"
"dbo","HOLD_RECEIPT","BASE TABLE","ReasonCode","varchar","75","reason"
"dbo","HOLD_RECEIPT","BASE TABLE","SOStoreNo","int","79","store"
"dbo","HOLD_RECEIPT_LINE","BASE TABLE","StoreNo","int","1","store"
"dbo","HOLD_RECEIPT_LINE","BASE TABLE","ReasonCode","varchar","12","reason"
"dbo","HOLD_SLIP","BASE TABLE","StoreNo","int","1","store"
"dbo","HOLD_SLIP","BASE TABLE","OutToStore","int","9","store"
"dbo","HOLD_SLIP","BASE TABLE","DocNumber","varchar","17","doc"
"dbo","HOLD_SLIP","BASE TABLE","DocReference","varchar","28","doc"
"dbo","HOLD_SLIP","BASE TABLE","ReverseDocNo","int","29","doc"
"dbo","HOLD_SLIP","BASE TABLE","SourceStore","int","40","store"
"dbo","HOLD_SLIP","BASE TABLE","TDStoreNo","int","41","store"
"dbo","HOLD_SLIP_LINE","BASE TABLE","StoreNo","int","2","store"
"dbo","HOLD_SO","BASE TABLE","StoreNo","int","1","store"
"dbo","HOLD_SO","BASE TABLE","DocNumber","varchar","23","doc"
"dbo","HOLD_SO","BASE TABLE","DocReference","varchar","64","doc"
"dbo","HOLD_SO","BASE TABLE","SourceStore","int","78","store"
"dbo","HOLD_SO","BASE TABLE","ReasonCode","varchar","80","reason"
"dbo","HOLD_SO","BASE TABLE","StorePickup","bit","99","store"
"dbo","HOLD_SO_LINE","BASE TABLE","StoreNo","int","1","store"
"dbo","HOLD_SO_LINE","BASE TABLE","ReasonCode","varchar","8","reason"
"dbo","HOLD_VOUCHER","BASE TABLE","StoreNo","int","1","store"
"dbo","HOLD_VOUCHER","BASE TABLE","DocNumber","varchar","46","doc"
"dbo","HOLD_VOUCHER","BASE TABLE","DocReference","varchar","51","doc"
"dbo","HOLD_VOUCHER","BASE TABLE","ReverseDocNo","int","52","doc"
"dbo","HOLD_VOUCHER","BASE TABLE","SourceStore","int","63","store"
"dbo","HOLD_VOUCHER_LINE","BASE TABLE","StoreNo","int","1","store"
"dbo","HOOK_INFO","BASE TABLE","StoreNo","int","2","store"
"dbo","HR_IMPORT_PUNCHES","BASE TABLE","StoreNo","int","1","store"
"dbo","HR_PUNCH","BASE TABLE","StoreNo","int","1","store"
"dbo","IMPORT_COST","BASE TABLE","DocumentNote","varchar","9","document"
"dbo","IMPORT_COST","BASE TABLE","DocumentNumber","varchar","10","document"
"dbo","IMPORT_COST","BASE TABLE","DocumentDate","datetime","11","document"
"dbo","IMPORT_INVOICE","BASE TABLE","DocNumber","varchar","9","doc"
"dbo","IMPORT_INVOICE_ADDITIONAL_COST","BASE TABLE","DocumentType","int","4","document"
"dbo","IMPORT_INVOICE_ADDITIONAL_COST","BASE TABLE","DocumentDate","datetime","5","document"
"dbo","IMPORT_INVOICE_ADDITIONAL_COST","BASE TABLE","DocNumber","varchar","6","doc"
"dbo","IMPORT_INVOICE_ADDITIONAL_COST","BASE TABLE","ReferenceDocNumber","varchar","17","doc"
"dbo","IMPORT_INVOICE_ADDITIONAL_COST","BASE TABLE","ExternalDocNumber","varchar","20","doc"
"dbo","INVENTORY_CUSTOM_VIEW","BASE TABLE","StoredProcedure","varchar","6","store"
"dbo","INVENTORY_REQUEST","BASE TABLE","StoreNo","int","1","request"
"dbo","INVENTORY_REQUEST","BASE TABLE","InvRequestId","uniqueidentifier","2","request"
"dbo","INVENTORY_REQUEST","BASE TABLE","InvRequestNo","int","3","request"
"dbo","INVENTORY_REQUEST","BASE TABLE","ReasonCode","char","4","request"
"dbo","INVENTORY_REQUEST","BASE TABLE","StatusCode","char","5","request"
"dbo","INVENTORY_REQUEST","BASE TABLE","InvRequestDate","datetime","6","request"
"dbo","INVENTORY_REQUEST","BASE TABLE","EmployeeCode","varchar","7","request"
"dbo","INVENTORY_REQUEST","BASE TABLE","OutToStore","int","8","request"
"dbo","INVENTORY_REQUEST","BASE TABLE","OutToStatus","bit","9","request"
"dbo","INVENTORY_REQUEST","BASE TABLE","LineCount","int","10","request"
"dbo","INVENTORY_REQUEST","BASE TABLE","CreatedBy","varchar","11","request"
"dbo","INVENTORY_REQUEST","BASE TABLE","CreationDate","datetime","12","request"
"dbo","INVENTORY_REQUEST","BASE TABLE","ModifiedBy","varchar","13","request"
"dbo","INVENTORY_REQUEST","BASE TABLE","ChangeDate","datetime","14","request"
"dbo","INVENTORY_REQUEST","BASE TABLE","DocNumber","varchar","15","request"
"dbo","INVENTORY_REQUEST","BASE TABLE","Notes","varchar","16","request"
"dbo","INVENTORY_REQUEST","BASE TABLE","VAT","bit","17","request"
"dbo","INVENTORY_REQUEST","BASE TABLE","GLProcessed","bit","18","request"
"dbo","INVENTORY_REQUEST","BASE TABLE","GLDate","datetime","19","request"
"dbo","INVENTORY_REQUEST","BASE TABLE","DWProcessed","bit","20","request"
"dbo","INVENTORY_REQUEST","BASE TABLE","DWDate","datetime","21","request"
"dbo","INVENTORY_REQUEST","BASE TABLE","ACCT1Processed","bit","22","request"
"dbo","INVENTORY_REQUEST","BASE TABLE","ACCT1Date","datetime","23","request"
"dbo","INVENTORY_REQUEST","BASE TABLE","ACCT2Processed","bit","24","request"
"dbo","INVENTORY_REQUEST","BASE TABLE","ACCT2Date","datetime","25","request"
"dbo","INVENTORY_REQUEST","BASE TABLE","ACCT3Processed","bit","26","request"
